Name,Price,Link
Nike Air Force 1 '07,109.95,https://www.nike.comhttps://www.nike.com/gb/t/air-force-1-07-shoes-67bFZC/HM9659-001
Nike Tanjun,45.49,https://www.nike.comhttps://www.nike.com/gb/t/tanjun-shoes-4lXHJ0/DJ6258-003
Nike SB Dunk Low Pro,109.99,https://www.nike.comhttps://www.nike.com/gb/launch/r/CD2563-101
,0.0,https://www.nike.comhttps://www.nike.com/gb/t/air-max-90-older-shoe-4K3PNH/HF0029-001
,0.0,https://www.nike.comhttps://www.nike.com/gb/t/sportswear-tech-fleece-joggers-ZgnFnv/FB8002-063
,0.0,https://www.nike.comhttps://www.nike.com/gb/t/sportswear-lightweight-synthetic-fill-older-loose-hooded-jacket-RxfW9L/FD2845-010
,0.0,https://www.nike.comhttps://www.nike.com/gb/t/pegasus-41-blueprint-road-running-shoes-l9GNrd/HF0013-900
,0.0,https://www.nike.comhttps://www.nike.com/gb/t/venture-runner-shoe-48MZ8R/CK2944-002
,0.0,https://www.nike.comhttps://www.nike.com/gb/t/air-force-1-07-shoe-W3vnV7/CT2302-100
,0.0,https://www.nike.comhttps://www.nike.com/gb/t/air-max-270-older-shoe-3snwR4/BQ5776-001
,0.0,https://www.nike.comhttps://www.nike.com/gb/t/everyday-cushioned-training-ankle-socks-tMvd4Z/SX7669-100
,0.0,https://www.nike.comhttps://www.nike.com/gb/t/air-max-90-shoes-LXZNFz/HM0628-001
,0.0,https://www.nike.comhttps://www.nike.com/gb/t/everyday-lightweight-training-crew-socks-nprtVC/SX7676-100
,0.0,https://www.nike.comhttps://www.nike.com/gb/t/cushioned-training-crew-socks-2jhZDZ/SX4508-101
,0.0,https://www.nike.comhttps://www.nike.com/gb/t/air-max-plus-shoes-1gMZsK/604133-050
,0.0,https://www.nike.comhttps://www.nike.com/gb/t/air-force-1-shoes-Tfh1Hz/HM0621-001
,0.0,https://www.nike.comhttps://www.nike.com/gb/t/air-force-1-07-shoes-QMx6sn/FZ7187-100
,0.0,https://www.nike.comhttps://www.nike.com/gb/t/air-max-plus-drift-shoes-1L9ldF/FD4290-003
,0.0,https://www.nike.comhttps://www.nike.com/gb/t/pro-dri-fit-older-leggings-FVgSNN/DA1028-010
,0.0,https://www.nike.comhttps://www.nike.com/gb/t/flex-runner-3-older-road-running-shoes-zxRv1d/FN1294-002
,0.0,https://www.nike.comhttps://www.nike.com/gb/t/dri-fit-fitness-t-shirt-rMXj0g/AR6029-010
,0.0,https://www.nike.comhttps://www.nike.com/gb/t/air-force-1-07-shoes-CFVMS0/CW2288-001
,0.0,https://www.nike.comhttps://www.nike.com/gb/t/react-vision-shoe-gHxlbR/CD4373-004
,0.0,https://www.nike.comhttps://www.nike.com/gb/t/dunk-low-next-nature-shoes-5QHT4H/FZ4621-001
Nike Air Force 1 '07,109.95,https://www.nike.comhttps://www.nike.com/gb/t/air-force-1-07-shoes-67bFZC/HM9659-001
Nike Tanjun,45.49,https://www.nike.comhttps://www.nike.com/gb/t/tanjun-shoes-4lXHJ0/DJ6258-003
Nike SB Dunk Low Pro,109.99,https://www.nike.comhttps://www.nike.com/gb/launch/r/CD2563-101
,0.0,https://www.nike.comhttps://www.nike.com/gb/t/air-max-90-older-shoe-4K3PNH/HF0029-001
,0.0,https://www.nike.comhttps://www.nike.com/gb/t/sportswear-tech-fleece-joggers-ZgnFnv/FB8002-063
,0.0,https://www.nike.comhttps://www.nike.com/gb/t/sportswear-lightweight-synthetic-fill-older-loose-hooded-jacket-RxfW9L/FD2845-010
,0.0,https://www.nike.comhttps://www.nike.com/gb/t/pegasus-41-blueprint-road-running-shoes-l9GNrd/HF0013-900
,0.0,https://www.nike.comhttps://www.nike.com/gb/t/venture-runner-shoe-48MZ8R/CK2944-002
,0.0,https://www.nike.comhttps://www.nike.com/gb/t/air-force-1-07-shoe-W3vnV7/CT2302-100
,0.0,https://www.nike.comhttps://www.nike.com/gb/t/air-max-270-older-shoe-3snwR4/BQ5776-001
,0.0,https://www.nike.comhttps://www.nike.com/gb/t/everyday-cushioned-training-ankle-socks-tMvd4Z/SX7669-100
,0.0,https://www.nike.comhttps://www.nike.com/gb/t/air-max-90-shoes-LXZNFz/HM0628-001
,0.0,https://www.nike.comhttps://www.nike.com/gb/t/everyday-lightweight-training-crew-socks-nprtVC/SX7676-100
,0.0,https://www.nike.comhttps://www.nike.com/gb/t/cushioned-training-crew-socks-2jhZDZ/SX4508-101
,0.0,https://www.nike.comhttps://www.nike.com/gb/t/air-max-plus-shoes-1gMZsK/604133-050
,0.0,https://www.nike.comhttps://www.nike.com/gb/t/air-force-1-shoes-Tfh1Hz/HM0621-001
,0.0,https://www.nike.comhttps://www.nike.com/gb/t/air-force-1-07-shoes-QMx6sn/FZ7187-100
,0.0,https://www.nike.comhttps://www.nike.com/gb/t/air-max-plus-drift-shoes-1L9ldF/FD4290-003
,0.0,https://www.nike.comhttps://www.nike.com/gb/t/pro-dri-fit-older-leggings-FVgSNN/DA1028-010
,0.0,https://www.nike.comhttps://www.nike.com/gb/t/flex-runner-3-older-road-running-shoes-zxRv1d/FN1294-002
,0.0,https://www.nike.comhttps://www.nike.com/gb/t/dri-fit-fitness-t-shirt-rMXj0g/AR6029-010
,0.0,https://www.nike.comhttps://www.nike.com/gb/t/air-force-1-07-shoes-CFVMS0/CW2288-001
,0.0,https://www.nike.comhttps://www.nike.com/gb/t/react-vision-shoe-gHxlbR/CD4373-004
,0.0,https://www.nike.comhttps://www.nike.com/gb/t/dunk-low-next-nature-shoes-5QHT4H/FZ4621-001
